A -> A
A. -> A.
a -> A
a. -> A.
aad -> Aad
aagie -> Aagie
aalberse -> Aalberse
aan -> aan
aarle-rixtel -> Aarle Rixtel
aate-doorenbosch -> Aate Doorenbosch
abwz -> Abwz
academie -> Academie
academische-raad -> Academische Raad
achterhoek -> Achterhoek
adam -> Adam
adolf-hitlertje -> Adolf Hitlertje
advocatenwet -> Advocatenwet
aer -> Aer
afrika -> Afrika
Ajax -> Ajax
ajax -> Ajax
akademy -> Akademy
albert-heyn -> Albert Heyn
albertinum -> Albertinum
algemeen-burgerlijk-pensioenfonds -> Algemeen Burgerlijk Pensioenfonds
algemeen-handelsblad -> Algemeen Handelsblad
algemene-bijstandswet -> Algemene Bijstandswet
algemene-energieraad -> Algemene Energieraad
algemene-wet-bijzondere-ziektekosten -> Algemene Wet Bijzondere Ziektekosten
algemene-wet-inzake-de-douane-en-de-accijnzen -> Algemene Wet Inzake De Douane En De Accijnzen
algemene-wet-inzake-rijksbelastingen -> Algemene Wet Inzake Rijksbelastingen
Alie -> Alie
alie -> Alie
alkmaar -> Alkmaar
alkmaar-anna-paulownapolder -> Alkmaar Anna Paulownapolder
almelo -> Almelo
altelaar -> Altelaar
altenaar -> Altenaar
amerika -> Amerika
amersfoort -> Amersfoort
amf -> AMF
amsterdam -> Amsterdam
amsterdam -> Amsterdam
amsterdam-centrum -> Amsterdam Centrum
amsterdam-minervalaan-schiphol -> Amsterdam Minervalaan Schiphol
andrade -> Andrade
andriessen -> Andriessen
anjum -> Anjum
anna-paulowna -> Anna Paulowna
anna-paulownapolder -> Anna Paulownapolder
ans -> Ans
antillen -> Antillen
antje -> Antje
antoon -> Antoon
apeldoorn -> Apeldoorn
april -> april
arbeidswet -> Arbeidswet
arcenenvelden -> Arcenenvelden
Ard-schenk -> Ard Schenk
ard-schenk -> Ard Schenk
arendsoog -> Arendsoog
argentinie -> Argentinie
arie -> Arie
arie-ruiter -> Arie Ruiter
arne-thomson -> Arne Thomson
arnhem -> Arnhem
a.-roland-holst -> A. Roland Holst
a.r.p. -> A.R.P.
aruba -> Aruba
astrid-kristensson -> Astrid Kristensson
augustus -> augustus
awg -> Awg
azie -> Azie
B -> B
baan -> Baan
baarspul -> Baarspul
baarsvan-langendijk -> Baarsvan Langendijk
baas -> Baas
bakker -> Bakker
b -> B
b -> B
bbc -> BBC
beernink -> Beernink
belangen -> Belangen
beleidsnota-herstructurering-m.h.n.o./m.s.p.o. -> Beleidsnota Herstructurering M.H.N.O./M.S.P.O.
beleidsnota-hoger-onderwijs-in-de-toekomst -> Beleidsnota Hoger Onderwijs in de Toekomst
belgie -> België
belinfante -> Belinfante
belofte -> Belofte
belse -> Belse
benelux -> Benelux
b.-en-w. -> B. en W.
bergen -> Bergen
bergen-op-zoom -> Bergen op Zoom
bergmeer -> Bergmeer
bernisse -> Bernisse
bertus -> Bertus
bertusde-duvel -> Bertusde Duvel
betje -> Betje
betuwe -> Betuwe
beverwijk -> Beverwijk
bew-1973 -> Bew 1973
bezige-bij -> Bezige Bij
bfm -> BFM
bibliotheekraad -> Bibliotheekraad
biesheuveli -> Biesheuvel I
biesheuvelii -> Biesheuvel II
biesheuveliii -> Biesheuvel III
biesheuvels -> Biesheuvels
bijbel -> Bijbel
bij -> Bij
bijlmermeer -> Bijlmermeer
bijstandswet -> Bijstandswet
binnenhof -> Binnenhof
binnenlandse-zaken -> Binnenlandse Zaken
binnenweg -> Binnenweg
binnenwijzend -> Binnenwijzend
#b-k -> BK
blaauwhoedenveem -> Blaauwhoedenveem
blekesingel -> Blekesingel
blind -> Blind
bloederpoort -> Bloederpoort
blok-besier -> Blok Besier
bloomington -> Bloomington
bnb -> BnB
bobbie -> Bobbie
Bobbie -> Bobbie
bob-scholten -> Bob Scholten
#boek -> Boek|boek
boekraad -> Boekraad
Boekraad -> Boekraad
Bogaers -> Bogaers
bogaers -> Bogaers
bol -> Bol
bolivia -> Bolivia
bomen -> Bomen
bondsrepubliek-duitsland -> Bondsrepubliek Duitsland
boom -> Boom
boomgaardstraat -> Boomgaardstraat
borne -> Borne
borssele -> Borssele
bouwelouwesteeg -> Bouwelouwesteeg
boven -> Boven
bp -> BP
brabant -> Brabant
brabantpers -> Brabantpers
brahms -> Brahms
Bram -> Bram
bramde-bijbel -> Bramde Bijbel
brandsen -> Brandsen
breda -> Breda
brielse-meer -> Brielse Meer
broederpoort -> Broederpoort
Broederpoort -> Broederpoort
broekop-langendijk -> Broek op Langendijk
brouwer -> Brouwer
browns-hotel -> Browns Hotel
brussel -> Brussel
buitenlandse-zaken -> Buitenlandse Zaken
burgelijk-pensioenfonds -> Burgelijk Pensioenfonds
bw -> BW
calandkanaal -> Calandkanaal
canada -> Canada
cape-steel-construction -> Cape Steel Construction
carl-persson -> Carl Persson
carmen -> Carmen
carnegie-fonds -> Carnegiefonds
c.b.s. -> C.B.S.
cbs -> CBS
c -> C
centraal-bureau-voor-de-statistiek -> Centraal Bureau voor de Statistiek
centraal-bureauvoorde-statistiek -> Centraal Bureau voor de Statistiek
centraal-orgaan-ziekenhuistarieven -> Centraal Orgaan Ziekenhuistarieven
centraal-planbureau -> Centraal Planbureau
centrale-raad-voor-de-volksgezondheid -> Centrale Raad Voor De Volksgezondheid
cern -> CERN
cesar -> Cesar
china -> China
christelijke-historische-unie -> Christelijke Historische Unie
christelijke-jeugdraad -> Christelijke Jeugdraad
christelijk-jongerenverbond -> Christelijk Jongerenverbond
christus -> Christus
c.h.u. -> C.H.U.
coast-guard -> Coast Guard
coenraadstraat -> Coenraadstraat
coligny -> Coligny
commissie-klaasesz -> Commissie Klaasesz
commissie-mommersteeg -> Commissie Mommersteeg
commissie-oosterschelde -> Commissie Oosterschelde
commissie-schillebeeckx -> Commissie Schillebeeckx
commissie-stefels -> Commissie Stefels
commissie-van-der-burg -> Commissie Van Der Burg
commissie-viersen -> Commissie Viersen
commissie-wiegersma -> Commissie Wiegersma
comptabiliteitswet -> Comptabiliteitswet
contourennota -> Contourennota
cor -> Cor
cor-muis -> Cor Muis
cost -> Cost
cpb -> Cpb
cravelheide -> Cravelheide
crest -> Crest
crm -> Crm
cuba -> Cuba
d66 -> D66
d'66 -> D'66
daan -> Daan
damweg -> Damweg
daniel-manuel -> Daniel Manuel
dansen -> Dansen
daudt -> Daudt
david -> David
De -> De
december -> december
de -> de
defensie -> Defensie
de-gaai-fortman -> De Gaai Fortman
De-gelderlander -> De Gelderlander
de-gelderlander -> De Gelderlander
de-groot -> De Groot
Dekker -> Dekker
dekkers -> Dekkers
delfgaauw -> Delfgaauw
delft -> Delft
delta-instituut-voor-hydrobiologisch-onderzoek -> Delta Instituut voor Hydrobiologisch Onderzoek
deltaplan -> Deltaplan
Democraten -> Democraten
democratische -> Democratische
de-montenie -> De Montenie
den-burg -> Den Burg
den-doolaard -> Den Doolaard
denemarken -> Denemarken
den-haag -> Den Haag
den-helder -> Den Helder
den-uyl -> Den Uyl
de-oppert -> De Oppert
De-pinkhof -> De Pinkhof
derde-kattenburgerdwarsstraat -> Derde Kattenburgerdwarsstraat
#der -> Der|der
derde-wereld -> Derde Wereld
derde-wittenburger -> Derde Wittenburger
de-ster -> De Ster
de-uithof -> De Uithof
de-vlist -> De Vlist
De-waard -> De Waard
de-waarheid -> De Waarheid
de-zwarte-raaf -> De Zwarte Raaf
dialectologie -> Dialectologie
dick -> Dick
dick-houwaart -> Dick Houwaart
Dick-houwaart -> Dick Houwaart
dick-toet -> Dick Toet
Dick-toet -> Dick Toet
Didascalia -> Didascalia
#die -> Die|die
diemen -> Diemen
dienst -> Dienst
dienstplichtwet -> Dienstplichtwet
dindsdag -> Dindsdag
Dinsdag -> Dinsdag
dinsdag -> dinsdag
dinsdag/vrijdag -> Dinsdag/vrijdag
Dirk -> Dirk
dirk-bouthoorn -> Dirk Bouthoorn
dirkde-duvel -> Dirk de Duvel
dirkden-duvel -> Dirk den Duvel
dirk -> Dirk
dirk-huivers -> Dirk Huivers
dirk-vreeswijk -> Dirk Vreeswijk
discussienota-bijzonder-regionaal-welzijnsbeleid -> Discussienota Bijzonder Regionaal Welzijnsbeleid
ditis-uwleven -> Ditis Uwleven
djakarta -> Djakarta
dodegraven -> Dodegraven
dodewaard -> Dodewaard
doelenstraat-8 -> Doelenstraat 8
donderdag -> donderdag
donker -> Donker
doortje -> Doortje
dorus -> Dorus
dr.-e.-boekmanstichting -> Dr. E. Boekmanstichting
drenthe -> Drenthe
drie -> Drie
dr.j.b.adams -> Dr. J.B. Adams
dr.nobel -> Dr. Nobel
droogmaking -> Droogmaking
drs.a.a.j.vandenbroecke -> drs. A.A.J. van Den Broecke
dsm -> DSM
dsm-limburg -> DSM Limburg
duitse-bondsrepubliek -> Duitse Bondsrepubliek
duitsland -> Duitsland
E. -> E.
echt -> Echt
economische-zaken -> Economische Zaken
edam -> Edam
ed-bever -> Ed Bever
ed -> Ed
edvan-tijn -> Ed van Tijn
ee -> EE
e. -> E.
ee-1 -> EE 1
e -> E
eeg -> EEG
eeg-israel -> EEG Israël
een-macro-economische-verkenning-van-de-nederlandse-economie-in-1980 -> Een Macro Economische Verkenning Van De Nederlandse Economie In 1980
eerste -> Eerste
eerste-kamer -> Eerste Kamer
eg -> EG
egypte -> Egypte
eibergen -> Eibergen
eindhoven -> Eindhoven
eise-eisinga -> Eise Eisinga
elsevier -> Elsevier
emma -> Emma
en -> en
energienota -> Energienota
engeland -> Engeland
enschede -> Enschede
erc -> ERC
erp -> ERP
esa -> ESA
esbjorn-esbjornson -> Esbjorn Esbjornson
esperanto -> Esperanto
esro -> Esro
estherde-boer-van-rijk -> Esther de Boer Van Rijk
europa -> Europa
europees-octrooibureau -> Europees Octrooibureau
europese-gemeenschap -> Europese Gemeenschap
europese-gemeenschappen -> Europese Gemeenschappen
europese-ministerraad -> Europese Ministerraad
europese-parlement -> Europese Parlement
faust -> Faust
februari -> februari
f -> F
fieke -> Fieke
filippijnen -> Filippijnen
financien -> Financien
finland -> Finland
fmo -> FMO
foeliestraat -> Foeliestraat
foppenpolder -> Foppenpolder
f-r -> F.R.
franciscusoord -> Franciscusoord
franeker-academie -> Franeker Academie
franeker -> Franeker
franeker-hogeschool -> Franeker Hogeschool
frankrijk -> Frankrijk
frequin -> Frequin
Frequin -> Frequin
fries -> Fries
friesland -> Friesland
frisia -> Frisia
fryske-akademy -> Fryske Akademy
fryske -> Fryske
galilei -> Galilei
gar -> Gar
garthof -> Garthof
gaudeamus -> Gaudeamus
g.c. -> G.C.
g.e.b. -> G.E.B.
gebieden -> Gebieden
gebroeders -> Gebroeders
gebr.-westerduin -> Gebr. Westerduin
geding -> Geding
gelderlander -> Gelderlander
gelderland -> Gelderland
gelderse-vallei -> Gelderse Vallei
geleen -> Geleen
gemeenschap -> Gemeenschap
gemeenschappen -> Gemeenschappen
gemeentewet -> Gemeentewet
genesisverhaal -> Genesisverhaal
geneve -> Geneve
gennep -> Gennep
geraardsbergen -> Geraardsbergen
gerbrandy -> Gerbrandy
gerrit -> Gerrit
#gert-gaatje-in-de-deur -> Gert Gaatje In De Deur
gert-gaatjes -> Gert Gaatjes
geschreven -> Geschreven
g -> G
gijsbrecht -> Gijsbrecht
gijs -> Gijs
gijssen -> Gijssen
God -> God
god -> God
gods -> Gods
goedewagensen-zoon -> Goedewagens en Zoon
goedkoop -> Goedkoop
gogh -> Gogh
gon -> Gon
gorter -> Gorter
gouda -> Gouda
goudriaan -> Goudriaan
Gree -> Gree
greta -> Greta
gretavan-daverwiem -> Greta van Daverwiem
griekenland -> Griekenland
groene -> Groene
groensmit-van-der-kallen -> Groensmit van der Kallen
groep-van-tien -> Groep van Tien
groesbeek -> Groesbeek
grondwet -> Grondwet
grondwet -> Grondwet
groningen -> Groningen
groot -> Groot
groteheide -> Groteheide
gruyters -> Gruyters
haarlem -> Haarlem
haastrecht -> Haastrecht
hagenaar -> Hagenaar
halleweg -> Halleweg
handelingen-der-tweede-kamer -> Handelingen der Tweede Kamer
handelingen-tweede-kamer -> Handelingen Tweede Kamer
hand. -> Hand.
hansvan-z. -> Hans van Z.
hardeberg -> Hardeberg
harrie-vloet -> Harrie Vloet
Harris-sitompul -> Harris Sitompul
hartbulletin -> Hartbulletin
hatert -> Hatert
h.b.o. -> H.B.O.
heerenveen -> Heerenveen
heerlen -> Heerlen
heikes -> Heikes
Hein -> Hein
heinekens -> Heinekens
hein -> Hein
hein-sprong -> Hein Sprong
helgoland -> Helgoland
hellinga -> Hellinga
helmond -> Helmond
hema -> HEMA
hembrug -> Hembrug
hendrik -> Hendrik
hendrikje -> Hendrikje
hengelo -> Hengelo
henk -> Henk
henk-hofland -> Henk Hofland
Henk-hofland -> Henk Hofland
henriette -> Henriette
henriette-roland-holst -> Henriette Roland Holst
henriette-roland-holst-vander-schalk -> Henriette Roland Holst van der Schalk
herman-gorter -> Herman Gorter
hermelijnstraat-212 -> Hermelijnstraat 212
hervormde-jeugdraad -> Hervormde Jeugdraad
het-centraal-weekblad -> het Centraal Weekblad
heterdaad -> Heterdaad
het -> het
het-nederlandsche-strafproces -> Het Nederlandsche Strafproces
het-nederlands-dagblad -> Het Nederlands Dagblad
het-nijmeegs-universiteitsblad -> Het Nijmeegs Universiteitsblad
het-parool -> Het Parool
het-staatsblad -> Het Staatsblad
het-vaderland -> Het Vaderland
het-verjaagde-water -> Het Verjaagde Water
h. -> H.
h -> H
hillery -> Hillery
hilversum -> Hilversum
hinderwet -> Hinderwet
hmt -> HMT
hofdijk -> Hofdijk
hofstra -> Hofstra
hollandse -> Hollandse
hongarije -> Hongarije
hoogkarspel -> Hoogkarspel
hoop -> Hoop
hoorn -> Hoorn
hopman -> Hopman
hoppe-brouwertje -> Hoppe-brouwertje
horbach -> Horbach
hout -> Hout
houwaart -> Houwaart
h.r. -> H.R.
hubert-lampo -> Hubert Lampo
huibde-bel -> Huibde Bel
huib -> Huib
huize -> Huize
humanitas -> Humanitas
H-v -> H.V.
hwa -> HWA
ibnkv -> IBNKV
ibnvv -> IBNVV
ierland -> Ierland
ij -> IJ
ijkie-boe -> Ijkie Boe
ijsseldijk -> IJsseldijk
ijssel -> Ijssel
Ijzeren -> Ijzeren
imco-regeling -> Imco Regeling
imf -> IMF
imkamp -> Imkamp
indie -> Indië
indonesie -> Indonesie
in -> in
instituut -> Instituut
interimnota-inkomensbeleid -> Interimnota Inkomensbeleid
interimrapport-structuurstudie-gebied-rijnmond-noord-oost -> Interimrapport Structuurstudie Gebied Rijnmond Noord Oost
intermediair -> Intermediair
iowo -> Iowo
#is -> is|IS
israel -> Israël
isrd -> ISRD
italie -> Italië
ivanhoe -> Ivanhoe
j -> J
J -> J
J. -> J.
jaagpad -> Jaagpad
jaagpot -> Jaagpot
jaap -> Jaap
jaap-muis -> Jaap Muis
jaap-nijen -> Jaap Nijen
jacob -> Jacob
Jahweh -> Jahweh
j-a -> J A
j.-a. -> J. A.
janbaas -> Janbaas
jan -> Jan
jan-koster -> Jan Koster
jan-lul -> Jan Lul
jan-pieterse -> Jan Pieterse
jan-rapes -> Jan Rapes
jan-ren -> Jan Ren
jansen -> Jansen
jan-stroop -> Jan Stroop
januari -> januari
janus -> Janus
Janus-vis -> Janus Vis
jan-van-akkeren -> Jan van Akkeren
janvan-akkeren -> Jan van Akkeren
janvan-kipjonk -> Jan van Kipjonk
janvan-parrejentje -> Jan van Parrejentje
Janvan-parrejentje -> Jan van Parrejentje
jan-visser -> Jan Visser
japan -> Japan
jehova -> Jehova
jenny-giliams -> Jenny Giliams
jeroen-bosch -> Jeroen Bosch
jeroen-boschtentoonstelling -> Jeroen Boschtentoonstelling
jezus -> Jezus
j. -> J.
jo-daan -> Jo Daan
john -> John
johnson -> Johnson
jongbloed -> Jongbloed
jongeling -> Jongeling
jonker -> Jonker
joostvanden-vondel -> Joost van den Vondel
jozef -> Jozef
judas -> Judas
juli -> juli
juni -> juni
jurgens -> Jurgens
justitie -> Justitie
K -> K
kabinet-evertsz -> Kabinet Evertsz
kadijk -> Kadijk
kaerle -> Kaerle
?kaerletekenen -> Kaerletekenen
kamer -> Kamer
kameroen -> Kameroen
kamperduin -> Kamperduin
Kaper -> Kaper
karnaval -> Karnaval
karnemelk -> Karnemelk
katshoek -> Katshoek
kattenburg -> Kattenburg
kattenburgerkaai -> Kattenburgerkaai
kattenburgerkade -> Kattenburgerkade
kattenburgerplein -> Kattenburgerplein
kattenburgerstraat -> Kattenburgerstraat
kattenburgervoorstraat -> Kattenburgervoorstraat
kattesingel -> Kattesingel
kbo -> KBO
kees-blom -> Kees Blom
kees-groot -> Kees Groot
kees -> Kees
kees-pruis -> Kees Pruis
keizersgracht -> Keizersgracht
Keizersgracht -> Keizersgracht
kerkesteeg -> Kerkesteeg
kerkmeyer -> Kerkmeyer
kerkmeyer -> Kerkmeyer
kerksteeg -> Kerksteeg
kerstmis -> Kerstmis
keulen -> Keulen
kielerbocht -> Kielerbocht
kiesraad -> Kiesraad
kikkertje -> Kikkertje
kindersprachforschung -> Kindersprachforschung
k -> K
klaresteeg -> Klaresteeg
klep -> Klep
klompe -> Klompe
kloris -> Kloris
knelpuntennota -> Knelpuntennota
kniertje -> Kniertje
knuvelder -> Knuvelder
Knuvelder -> Knuvelder
knvto -> KNVTO
ko -> Ko
koeweit -> Koeweit
kolthoff -> Kolthoff
komt -> Komt
koning -> Koning
konings -> Konings
koninklijke-bibliotheek -> Koninklijke Bibliotheek
koninklijke -> Koninklijke
koninklijke-marine -> Koninklijke Marine
koninklijke-nederlandse-akademie-van-wetenschappen -> Koninklijke Nederlandse Akademie van Wetenschappen
koninklijke-nederlandse-vereniging-van-transport-ondernemingen -> Koninklijke Nederlandse Vereniging Van Transport Ondernemingen
koninkrijk-der-nederlanden -> Koninkrijk der Nederlanden
kooi -> Kooi
Koosde-bijbel -> Koos de Bijbel
koosjemanus -> Koosje Manus
koos -> Koos
korsten -> Korsten
korte-hoogstraat -> Korte Hoogstraat
kortenhoeven -> Kortenhoeven
kort -> Kort
koster -> Koster
kouwenhoven -> Kouwenhoven
kovacslajos -> Kovacslajos
kra-kra -> Kra Kra
kritiese -> Kritiese
kro -> KRO
kromme-gouwe -> Kromme Gouwe
kroon -> Kroon
kruiskade -> Kruiskade
kruislaan -> Kruislaan
K-s -> K. S.
Kurt-ranke -> Kurt Ranke
k.v.p. -> K.V.P.
kvp -> KVP
lafeber -> Lafeber
lager-onderwijswet-1920 -> Lager Onderwijswet 1920
landbouw-en-visserij -> Landbouw en Visserij
landbouwschap -> Landbouwschap
landelijk-centrum-voor-gereformeerd-jeugdwerk -> Landelijk Centrum voor Gereformeerd Jeugdwerk
langendijk -> Langendijk
Languageinthecrypt -> Language in The Crypt
latijn -> Latijn
leer -> Leer
leeuwarden -> Leeuwarden
leiden-den-haag-c.s. -> Leiden-Den Haag C.S.
leiden -> Leiden
leiderdorp -> Leiderdorp
lelystad -> Lelystad
levendaal -> Levendaal
lewieke -> Lewieke
lex-bruinhof -> Lex Bruinhof
lied -> Lied
lies -> Lies
limburg -> Limburg
l. -> L.
l -> L
loissy -> Loissy
londen -> Londen
loos -> Loos
lopik -> Lopik
lou-bandy -> Lou Bandy
louis-bouwmeester -> Louis Bouwmeester
louis-davids -> Louis Davids
Louis-davids -> Louis Davids
louis -> Louis
lseo -> LSEO
lucasschool -> Lucasschool
luns -> Luns
luther -> Luther
luxemburg -> Luxemburg
maandag -> maandag
maandags -> Maandags
Maandags -> Maandags
maartensluis' -> Maartensluis'
maart -> maart
maastricht -> Maastricht
macro-economische-verkenning-1975 -> Macro-economische Verkenning 1975
madura -> Madura
mammoetwet -> Mammoetwet
marie -> Marie
marinehof -> Marinehof
mariniersplein -> Mariniersplein
marten -> Marten
mbl -> MBL
mecklenburg -> Mecklenburg
meer -> Meer
meijers -> Meijers
mei -> mei
mensen-onderneming -> Mensenonderneming
merens -> Merens
mesman -> Mesman
metslawier -> Metslawier
mg75-1 -> Mg75-1
michelvan-nieuwstraten -> Michel van Nieuwstraten
middeloo -> Middeloo
midden-delfland -> Midden Delfland
midden- -> Midden
midden-oosten -> Midden Oosten
mieke -> Mieke
mientje -> Mientje
mies-en-scene -> Mies en scène
mietje -> Mietje
Mietje -> Mietje
mijnheer -> Mijnheer
miljoenennota-1975 -> Miljoenennota 1975
mina -> Mina
ministerraad -> Ministerraad
mink -> Mink
mirakelsteeg -> Mirakelsteeg
Mithilfedes-kindes -> Mit Hilfe des Kindes
m -> M
m. -> M.
moerdeis -> Moerdeis
monnikendam -> Monnikendam
monsman -> Monsman
montfoort -> Montfoort
morshuis -> Morshuis
mozart -> Mozart
mozes -> Mozes
Mozes -> Mozes
mpp -> Mpp
?m.re -> M.Re
mre -> MRE
mteso -> Mteso
mulder -> Mulder
museum -> Museum
nakii -> Nakii
napoleon -> Napoleon
nasa -> NASA
nassertje -> Nassertje
nationale-investeringsbank -> Nationale Investeringsbank
nationale-politieraad -> Nationale Politieraad
nationale-ziekenhuisraad -> Nationale Ziekenhuisraad
navo -> NAVO
ncrv -> NCRV
ndp -> NDP
Nederland -> Nederland
nederland -> Nederland
nederlandsche-bank -> Nederlandsche Bank
nederlandsche-bank-nv -> Nederlandsche Bank NV
nederlandschebank-n.v. -> Nederlandsche Bank N.V.
nederlandse-antillen -> Nederlandse Antillen
nederlandse-bank -> Nederlandse Bank
nederlandse-bontweverij -> Nederlandse Bontweverij
nederlandse-federatie-van-kunstenaarsverenigingen -> Nederlandse Federatie van Kunstenaarsverenigingen
nederlandse-hartstichting -> Nederlandse Hartstichting
nederlandse-optometristenfederatie -> Nederlandse Optometristenfederatie
nederlandse-orde-van-advocaten -> Nederlandse Orde Van Advocaten
nederlandse-spoorwegen -> Nederlandse Spoorwegen
nederlandse-stichting-voor-culturele-samenwerking-met-suriname-en-de-nederlandse-antillen -> Nederlandse Stichting voor Culturele Samenwerking met Suriname en de Nederlandse Antillen
nederlandse-vereniging-voor-psychotherapie -> Nederlandse Vereniging Voor Psychotherapie
nederlandse-vereniging-voor-rechtspraak -> Nederlandse Vereniging voor Rechtspraak
nederlands-instituut-voor-onderzoek-der-zee -> Nederlands Instituut voor Onderzoek der Zee
nederlands-instituutvoor-preventieve-geneeskunde -> Nederlands Instituut voor Preventieve Geneeskunde
nehem -> Nehem
nes -> Nes
news-antara -> News Antara
nib -> Nib
nibbixwoud -> Nibbixwoud
nico-schouten -> Nico Schouten
Niek-lijstenberg -> Niek Lijstenberg
niel -> Niel
Niel -> Niel
nieuw-brielle -> Nieuw Brielle
nieuwe-haven -> Nieuwe Haven
nieuwe-hoogstraat -> Nieuwe Hoogstraat
nieuwe -> Nieuwe
nieuwerkerke -> Nieuwerkerke
nieuwe-rotterdamse-courant -> Nieuwe Rotterdamse Courant
nieuwe-waterweg -> Nieuwe Waterweg
nieuwjaar -> nieuwjaar
nieuws -> Nieuws
nijmeegs -> Nijmeegs
Nijmegen -> Nijmegen
nijmegen -> Nijmegen
nioz -> NIOZ
nispen -> Nispen
nlo -> NLO
nobin -> Nobin
noord-brabant -> Noord-Brabant
noord-friesland -> Noord-Friesland
noord-holland -> Noord-Holland
noord -> Noord
noordwijk -> Noordwijk
noorwegen -> Noorwegen
nos -> NOS
nota-hoger-onderwijs-in-de-toekomst -> Nota Hoger Onderwijs in de Toekomst
nota-huisvesting-alleenstaanden-en-tweepersoonshuishoudens -> Nota Huisvesting Alleenstaanden en Tweepersoonshuishoudens
nota-huur-en-subsidiebeleid -> Nota Huur en Subsidiebeleid
nota-inzake-grondwetsherziening -> Nota Inzake Grondwetsherziening
nota-massamediabeleid -> Nota Massamediabeleid
nota-studiefinanciering -> Nota Studiefinanciering
nota-wetenschapsbeleid -> Nota Wetenschapsbeleid
noteboom -> Noteboom
notu -> Notu
november -> november
november -> november
nrc -> NRC
ns -> NS
nsr -> NSR
nub -> NUB
nuijtens -> Nuijtens
Nuijtens -> Nuijtens
nutswet -> Nutswet
n.v.-dsm -> N.V. DSM
n.v.-philips'-gloeilampenfabrieken -> N.V. Philips' Gloeilampenfabrieken
nvr -> Nvr
nv-verenigde-streekvervoerbedrijven -> NV Verenigde Streekvervoerbedrijven
nvv/nkv/cnv -> NVV/NKV/CNV
oberbeier -> Oberbeier
octrooiraad -> Octrooiraad
oeso -> Oeso
oktober -> oktober
oldenzaal -> Oldenzaal
ome-bart -> Ome Bart
ome-bert -> Ome Bert
Ome-bert -> Ome Bert
ome-bertus -> Ome Bertus
omroepwet -> Omroepwet
onderdepannen -> Onderdepannen
onderwijs-en-wetenschappen -> Onderwijs en Wetenschappen
onderwijs -> Onderwijs
onderwijsraad -> Onderwijsraad
onderzoek -> Onderzoek
ondine -> Ondine
onvoorbereid -> Onvoorbereid
onze-lieve-vrouwe -> Onze Lieve Vrouwe
onze-lieve-vrouwe-gasthuis -> Onze Lieve Vrouwe Gasthuis
ooievaar -> Ooievaar
o -> O
oostenburg -> Oostenburg
oosten -> Oosten
oostenrijk -> Oostenrijk
oosterend -> Oosterend
oosterhuis -> Oosterhuis
oost-europa -> OostEuropa
oostveen -> Oostveen
Operatie-vers -> Operatie Vers
opmeer -> Opmeer
#op -> op|Op
organisatie -> Organisatie
orienteringsnota -> Orienteringsnota
orienteringsnota-ruimtelijke-ordening -> Orienteringsnota Ruimtelijke Ordening
osdorp -> Osdorp
oude -> Oude
oudeschild -> Oudeschild
oudhof -> Oudhof
oud-leiden -> Oud Leiden
ouer -> Ouer
ouwe -> Ouwe
ouwe-binnenweg -> Ouwe Binnenweg
ouwe-testament -> Ouwe Testament
overdam -> Overdam
P -> P
P. -> P.
pachtwet -> Pachtwet
palermo -> Palermo
paradijssteeg -> Paradijssteeg
parijs -> Parijs
partij-van-de-arbeid -> Partij van de Arbeid
partijvande-arbeid -> Partij van de Arbeid
partijvande-arbied -> Partij van de Arbeid
partizanen -> Partizanen
pasen -> Pasen
patamacca -> Patamacca
paulus -> Paulus
penelope -> Penelope
pernis-klundert-belgie/zeeland -> Pernis Klundert België/Zeeland
phedra -> Phedra
philips -> Philips
pierre -> Pierre
Pietje -> Pietje
pietje -> Pietje
piet -> Piet
piet-schaper -> Piet Schaper
pinkehof -> Pinkehof
pinkhof -> Pinkhof
Pinkhof -> Pinkhof
pinksterdag -> Pinksterdag
pinksteren -> Pinksteren
pisuisse -> Pisuisse
plan-tanthof -> Plan Tanthof
plein-1 -> Plein 1
poetry-international -> Poetry International
poezie-hardop -> Poezie Hardop
polak -> Polak
politiewet -> Politiewet
polman -> Polman
pool -> Pool
poortinga -> Poortinga
portugal -> Portugal
p -> P
p. -> P.
praat -> Praat
prijzenwet -> Prijzenwet
prinsenhage -> Prinsenhage
prinsen -> Prinsen
prins-hendrikkaai -> Prins Hendrikkaai
prins-hendrikkade -> Prins Hendrikkade
prof.-de-rijk -> Prof. De Rijk
prof.-dr.-k.-runia -> Prof. Dr. K. Runia
provinciewet -> Provinciewet
pschorr -> Pschorr
p.s.p. -> P.S.P.
ptt -> PTT
purmerend -> Purmerend
p.v.d.a. -> P.v.d.A.
pvda -> PvdA
raad-van-beroep -> Raad van Beroep
raad-van-state -> Raad van State
raad-voor-de-europese-organisatie-voor-kernfysisch-onderzoek -> Raad voor De Europese Organisatie Voor Kernfysisch Onderzoek
raad-voor-de-kunst -> Raad voor De Kunst
raad-voor-de-volkshuisvesting -> Raad voor De Volkshuisvesting
raam -> Raam
rachel -> Rachel
randstad -> Randstad
ranke -> Ranke
rcn -> RCN
reichling -> Reichling
rembrandt -> Rembrandt
rhijnvis-feith -> Rhijnvis Feith
Rhijnvis-feith -> Rhijnvis Feith
riegen -> Riegen
rienks -> Rienks
rijksbelastingsdienst -> Rijksbelastingsdienst
rijkscomputercentrum -> Rijkscomputercentrum
rijksdag -> Rijksdag
rijksdienst-voor-het-wegverkeer -> Rijksdienst Voor Het Wegverkeer
rijksgebouwendienst -> Rijksgebouwendienst
rijksinstituut-voor-de-volksgezondheid -> Rijksinstituut Voor De Volksgezondheid
rijksluchtvaartdienst -> Rijksluchtvaartdienst
rijksluchtvaartschool -> Rijksluchtvaartschool
rijksnijverheidsdienst -> Rijksnijverheidsdienst
rijksoctrooiwet -> Rijksoctrooiwet
rijkswaterstaat -> Rijkswaterstaat
rijkswegenfonds -> Rijkswegenfonds
rijncommissie -> Rijncommissie
rijnmond -> Rijnmond
rijn -> Rijn
rik -> Rik
rik-roland-holst -> Rik Roland Holst
rivierengebied -> Rivierengebied
r.n.-roland-holst -> R.N. Roland Holst
ro -> Ro
rode-steen -> Rode Steen
roermond -> Roermond
roland-holst -> Roland Holst
romantiek -> Romantiek
rome -> Rome
rooistraat -> Rooistraat
roosendaal -> Roosendaal
roosje -> Roosje
rotterdammer -> Rotterdammer
rotterdam -> Rotterdam
rousseau -> Rousseau
rozenburg -> Rozenburg
r.-roland-holst -> R. Roland Holst
r -> R
r.s. -> R.S.
rsv -> RSV
ruilverkavelingswet-1954 -> Ruilverkavelingswet 1954
ruiter -> Ruiter
ruppert -> Ruppert
rusland -> Rusland
rvo -> RVO
S -> S
Saarbrucken -> Saarbrücken
saar-burg -> Saar Burg
saba -> Saba
savel-bv -> Savel BV
s.b.i.s. -> S.B.I.S.
s.b.o. -> S.B.O.
scandinavie -> Scandinavië
schagen -> Schagen
schamhart -> Schamhart
scheepvaartinspectie -> Scheepvaartinspectie
schellingwou -> Schellingwou
schellinkhout -> Schellinkhout
schepenwet -> Schepenwet
scheveningen -> Scheveningen
schiedamsedijk -> Schiedamsedijk
schild -> Schild
schildje -> Schildje
schillebeeckx -> Schillebeeckx
schiphol-leiden -> Schiphol-Leiden
schiphollijn -> Schiphollijn
schiphol -> Schiphol
schipluiden -> Schipluiden
schmelzer -> Schmelzer
scholieren -> scholieren
schooiersbrug -> Schooiersbrug
scp -> SCP
s.d.a.p. -> S.D.A.P.
sdap -> SDAP
sdr -> SDR
september -> september
ser -> SER
s.g.p. -> S.G.P.
's-gravenhage -> 's-Gravenhage
's-hertogenbosch -> 's-Hertogenbosch
sicilie -> Sicilië
sien -> Sien
sikkema -> Sikkema
sinte-katrien -> Sinte Katrien
sinte-katrijn -> Sinte Katrijn
Sinterklaas -> Sinterklaas
sinterklaas -> Sinterklaas
sint-geraardsbergen -> Sint Geraardsbergen
sint-jacobstraat -> Sint Jacobstraat
sint-mariestraat -> Sint Mariestraat
sint-nicolaas -> Sint Nicolaas
sitompul -> Sitompul
skien -> Skien
slagharen -> Slagharen
sliedrecht -> Sliedrecht
sneeuwwitje -> Sneeuwwitje
snor -> Snor
snuf -> Snuf
soac -> SOAC
sociale-verzekeringsraad -> Sociale Verzekeringsraad
sociale-zaken -> Sociale Zaken
sonnetten -> Sonnetten
spaarndammerdijk -> Spaarndammerdijk
spaarndammerstraat -> Spaarndammerstraat
spab -> SPAB
spanje -> Spanje
spoorwegen -> Spoorwegen
spreken -> Spreken
sprong -> Sprong
sps -> SPS
's-rijksmunt -> 's Rijks Munt
s. -> S.
s -> S
staatsmijnen -> Staatsmijnen
staten-generaal -> Staten Generaal
stb. -> STB.
steenkamer -> Steenkamer
stein -> Stein
stemerdink -> Stemerdink
st.-eustatius -> St. Eustatius
stevensweert -> Stevensweert
stichten -> Stichten
stichting-1940-1945 -> Stichting 1940-1945
stichting-beheer-landbouwgronden -> Stichting Beheer Landbouwgronden
stichting-energiecentrum-nederland -> Stichting Energiecentrum Nederland
stichting-onderzoek-midden-delfland -> Stichting Onderzoek Midden Delfland
stichting-personeelsvoorziening -> Stichting Personeelsvoorziening
stichting-personeelsvoorziening-administratieve-beroepen -> Stichting Personeelsvoorziening Administratieve Beroepen
stichting-radiostraling-van-zon-en-melkweg -> Stichting Radiostraling van Zon en Melkweg
stichting -> Stichting
stichting-van-de-arbeid -> Stichting van de Arbeid
stichting-woningbouw-lelystad -> Stichting Woningbouw Lelystad
sticusa -> Sticusa
stipevo -> Stipevo
st.-maarten -> St. Maarten
stockholm -> Stockholm
stroink -> Stroink
struver -> Struver
sumatra -> Sumatra
surinaams-planbureau -> Surinaams Planbureau
suriname -> Suriname
svb -> SVB
symfonie -> Symfonie
syntactische -> Syntactische
taks -> Taks
tbo -> TBO
tbr. -> TBR.
tbw -> TBW
tbz -> TBZ
teepas -> Teepas
telegraaf -> Telegraaf
terzinen -> Terzinen
tessel -> Tessel
testament -> Testament
teunde-stier -> Teun de Stier
texel -> Texel
't-groene-kruis -> 't Groene Kruis
th-delft -> TH Delft
thomas-mulder -> Thomas Mulder
thomson -> Thomson
tibet -> Tibet
tijmen -> Tijmen
tilanus -> Tilanus
tilburg -> Tilburg
timmerman -> TIMMERMAN
tingelingske -> Tingelingske
tingellingske -> Tingellingske
tirk -> Tirk
tirk-bouthoorn -> Tirk Bouthoorn
Tno -> TNO
tno -> TNO
tobago -> Tobago
toet -> Toet
Toet -> Toet
toko -> Toko
toonsen -> Toonsen
Toonsen -> Toonsen
toulon -> Toulon
transkei -> Transkei
trb. -> TRB.
trien -> Trien
trier -> Trier
trinidad -> Trinidad
tris -> Tris
troelstra -> Troelstra
tsaar-peterstraat -> Tsaar Peterstraat
't -> 't
t. -> T.
turfmarkt -> Turfmarkt
turfsingel -> Turfsingel
turkije -> Turkije
tweede-kamer -> Tweede Kamer
tweede-pinksterdag -> Tweede Pinksterdag
twente -> Twente
't-wit-gele-kruis -> 't Wit-Gele Kruis
t.w.o. -> T.W.O.
uijlings -> Uijlings
Uijlings -> Uijlings
uitkeringsraad -> Uitkeringsraad
unesco -> UNESCO
unie-van-schadeverzekeraars -> Unie van Schadeverzekeraars
universiteitsfonds -> Universiteitsfonds
universiteit -> Universiteit
universiteit-van-amsterdam -> Universiteit van Amsterdam
uppsala -> Uppsala
usn -> USN
utrecht -> Utrecht
vaderland -> Vaderland
valkenburg -> Valkenburg
van-aggelen -> Van Aggelen
van-asperen -> Van Asperen
van-baal -> Van Baal
van-der-hek -> Van Der Hek
van-der-lek -> Van Der Lek
van-dille -> Van Dille
van-dis -> Van Dis
van-doorne -> Van Doorne
vandoorn -> Van Doorn
van-essen -> Van Essen
van-haeringen -> Van Haeringen
van-houwelingen -> Van Houwelingen
van-meulen -> Van Meulen
van-mierlo -> Van Mierlo
van-nieuwstraten -> Van Nieuwstraten
van-ommeren -> Van Ommeren
van-ooslane -> Van Ooslane
van-rijst -> Van Rijst
Van-rijst -> Van Rijst
van-s -> Van S
Van-s -> Van S
van-stuwe -> Van Stuwe
#van -> Van|van|VAN
van-velerlei-aard -> Van Velerlei Aard
van-velzen -> Van Velzen
van-zuilen -> Van Zuilen
veder-smit -> Veder Smit
veewet -> Veewet
veiligheidswet -> Veiligheidswet
veiligheidswet-1934 -> Veiligheidswet 1934
veldhuyzen -> Veldhuyzen
Veldhuyzen -> Veldhuyzen
veluwemassief -> Veluwemassief
veluwe -> Veluwe
v.en-d. -> V. en D.
venezuela -> Venezuela
venlo -> Venlo
verenigde-arabische-republiek -> Verenigde Arabische Republiek
verenigde-staten -> Verenigde Staten
verenigd-koninkrijk -> Verenigd Koninkrijk
vereniging-van-nederlandse-gemeenten -> Vereniging van Nederlandse Gemeenten
verkeer-en-waterstaat -> Verkeer en Waterstaat
verkeerenwaterstaat -> Verkeer en Waterstaat
verlichting -> Verlichting
verolme -> Verolme
verschijnselen -> Verschijnselen
verstedelijkingsnota -> Verstedelijkingsnota
verzen -> Verzen
veterinaire-hoofdinspectie -> Veterinaire Hoofdinspectie
victoria -> Victoria
vidos -> Vidos
vijverhof -> Vijverhof
vincent -> Vincent
vinkepad -> Vinkepad
vlaanderen -> Vlaanderen
vogelenzang -> Vogelenzang
volksgezondheid-en-milieuhygiene -> Volksgezondheid en Milieuhygiene
volkshuisvesting-en-ruimtelijke-ordening -> Volkshuisvesting en Ruimtelijke Ordening
volkskrant -> Volkskrant
vondel -> Vondel
voorbij -> Voorbij
voorontwerp-van-wet-wederzijdse-doorstroming-hoger-onderwijs -> Voorontwerp van Wet Wederzijdse Doorstroming Hoger Onderwijs
voorontwerp-werkloosheidswet -> Voorontwerp Werkloosheidswet
voorstraat -> Voorstraat
#voor -> voor|Voor
voskuil -> Voskuil
vreemdelingenwet -> Vreemdelingenwet
vreeswijk -> Vreeswijk
vries-lentsch -> Vries Lentsch
vrijburg -> Vrijburg
Vrijdag -> Vrijdag
vrijdags -> vrijdags
vrijdag -> vrijdag
vrij-nederland -> Vrij Nederland
vugt -> Vugt
v.v.d. -> V.V.D.
vvd -> VVD
v -> V
waag -> Waag
waard -> Waard
walcheren -> Walcheren
walcherens -> Walcherens
waldeck-pyrmontsingel -> Waldeck Pyrmontsingel
warmond -> Warmond
warschaupact -> Warschau Pact
washington -> Washington
waterleidingwet -> Waterleidingwet
water -> Water
w.-duitsland -> W.-Duitsland
wegen -> Wegen
weijnen -> Weijnen
wereldbank -> Wereldbank
werkclassificatie-als-hulpmiddel-van-de-loonpolitiek -> Werkclassificatie als Hulpmiddel van de Loonpolitiek
werkloosheidswet -> Werkloosheidswet
wervershoof -> Wervershoof
west-brabant -> West-Brabant
west-dongeradeel -> Westdongeradeel
west-duitsland -> West-Duitsland
westerbork -> Westerbork
west-europa -> West-Europa
westfries -> Westfries
west-friesland -> West-Friesland
west-nederland -> West-Nederland
west-suriname -> West-Suriname
westwoud -> Westwoud
wet-aansprakelijkheidsverzekering-motorrijtuigen -> Wet Aansprakelijkheidsverzekering Motorrijtuigen
wet-administratieve-rechtspraak-overheidsbeschikkingen -> Wet Administratieve Rechtspraak Overheidsbeschikkingen
wet-bab -> Wet BAB
wet-bedreigde-uitheemse-diersoorten -> Wet Bedreigde Uitheemse Diersoorten
wetboek-van-koophandel -> Wetboek Van Koophandel
wetboek-van-strafrecht -> Wetboek Van Strafrecht
wetboek-van-strafvordering -> Wetboek van Strafvordering
wet-b.u.d. -> Wet B.U.D.
wet-economische-mededinging -> Wet Economische Mededinging
wetenschappelijk -> Wetenschappelijk
wetenschapsbeleid -> Wetenschapsbeleid
wetering -> Wetering
wet-gewetensbezwaren-militaire-dienst -> Wet Gewetensbezwaren Militaire Dienst
wet-inzake-de-luchtverontreiniging -> Wet Inzake De Luchtverontreiniging
wet-olieverontreiniging-zeewater -> Wet Olieverontreiniging Zeewater
wet-op-de-bibliotheekraad -> Wet op de Bibliotheekraad
wet-op-de-geneesmiddelenvoorziening -> Wet op de Geneesmiddelenvoorziening
wet-op-de-ondernemingsraden -> Wet op de Ondernemingsraden
wet-op-de-rechterlijke-organisatie -> Wet op de Rechterlijke Organisatie
wet-op-het-wetenschappelijk-onderwijs -> Wet op het Wetenschappelijk Onderwijs
wetsontwerp-algemene-wet-gezondheidsverzekering -> Wetsontwerp Algemene Wet Gezondheidsverzekering
wetsontwerp-commissaris-van-onderzoek -> Wetsontwerp Commissaris Van Onderzoek
wetsontwerp-vaststelling-van-hoofdstuk-viii -> Wetsontwerp Vaststelling Van Hoofdstuk Viii
wetsontwerp-veenkolonien -> Wetsontwerp Veenkoloniën
wet-uitkeringenwegen -> Wet Uitkering Wegen
wet-uitkeringwegen -> Wet Uitkering Wegen
wet-universitaire-bestuurshervorming -> Wet Universitaire Bestuurshervorming
wet-werkloosheidsvoorziening -> Wet Werkloosheidsvoorziening
weurt -> Weurt
wever -> Wever
wierger-dijkstra -> Wierger Dijkstra
wieringen -> Wieringen
wieringermeer -> Wieringermeer
wijnsteker -> Wijnsteker
wijzend -> Wijzend
willem-bever -> Willem Bever
willem-vlaar -> Willem Vlaar
willy-derby -> Willy Derby
wilson -> Wilson
wittenburg -> Wittenburg
Wittenburg -> Wittenburg
witte -> Witte
woensdags -> woensdags
woensdag -> woensdag
wognum -> Wognum
wolkers -> Wolkers
woningwet -> Woningwet
woordenboek -> Woordenboek
woudhoeve -> Woudhoeve
wout -> Wout
Wout -> Wout
wub -> WUB
wvk -> WVK
wvo -> WVO
w. -> W.
wwv -> WWV
zaan -> Zaan
zaterdags -> zaterdags
zaterdag -> zaterdag
zeeland -> Zeeland
zegen -> Zegen
zeven -> Zeven
ziekenfondsraad -> Ziekenfondsraad
zielt -> Zielt
zijdeweg -> Zijdeweg
zol -> Zol
zondags -> zondags
zondag -> zondag
zuid-afrika -> Zuid-Afrika
zuid-amerika -> Zuid-Amerika
zuiderzee -> Zuiderzee
zuid-holland -> Zuid-Holland
zuid-oost-azie -> Zuidoost-Azië 
zuidoost-brabant -> Zuidoost-Brabant
zuidoostelijk-limburg -> Zuidoostelijk Limburg
Zwaagdijk -> Zwaagdijk
zwaan-pieter -> Zwaan Pieter
zwaan -> Zwaan
zweden -> Zweden
zwitserland -> Zwitserland
zwolle -> Zwolle
z. -> Z.
